kind	repository	phase	sha256	path_or_identity
input	banodoco-workspace-runtime	before	d2b2c2c3ef2d88bdc7d3e766d68de7beb6ed1040ab16a2b5d389af5592e101a5	contract/openapi/workspace-v1.yaml
input	banodoco-workspace-runtime	before	9c8aa1a6a68c346233687ed070bc244737559c04a9f61574c808226f5a9a7d97	contract/manifest.json
input	banodoco-workspace-runtime	before	fcae767eaba85e406658ac3b14f3c3447e11073dffcb5e1256e223bdb84f51f4	contract/component-manifest.json
input	banodoco-workspace-runtime	before	8d25d7a097b3391357f331c071cc231eda18bc9e432a205080696c95036e9dee	generators/generate.py
input	banodoco-workspace-runtime	before	075d1fad14e9befb2f09ebb0043faf74a73570836544c728febb989aaf8cf264	generators/python_client_template.py
input	banodoco-workspace-runtime	before	7615f2a3081c676622333cfa6255e42d5438c5d8858b0a8242e8154b3e56c035	tools/generate_typescript_conformance.mjs
output	banodoco-workspace-runtime	after	12fc73ff54b89024d5d02b65abecbddb25e0b76114d73e7146789377d62c28b1	clients/typescript/generated.ts
output	banodoco-workspace-runtime	after	7eeb6622eb5597182df86f775388740b8a2a2c3bb9a91e2be11baec83f4d72e8	clients/typescript/contract-metadata.ts
output	banodoco-workspace-runtime	after	d6206ad8528e56d680c031d5eaa7ba67bcce85f64ec29953dab100e85ce55838	packages/python/banodoco_workspace_client/generated.py
output	banodoco-workspace-runtime	after	9c01d2a6c1cdcd47a090bf63f0e00a948710c3a76118fcfa9131d6a342baf950	packages/python/banodoco_workspace_client/contract_metadata.py
output	banodoco-workspace-runtime	after	21335d420323c98c21a0a12b3785d451244a789605a4209554929c7bcd5625c7	packages/typescript/src/generated.ts
output	banodoco-workspace-runtime	after	8a35dde9d775bd32b711963b53736cb4a514201bb02b015dbbe91e69ce85c2b7	packages/typescript/src/contract-metadata.ts
output	banodoco-workspace-runtime	after	9c01d2a6c1cdcd47a090bf63f0e00a948710c3a76118fcfa9131d6a342baf950	runtime_protocol/contract_metadata.py
output	Astrid	after	d6206ad8528e56d680c031d5eaa7ba67bcce85f64ec29953dab100e85ce55838	banodoco_workspace_client/generated.py
output	Astrid	after	a66091f6ed572d1ba0d33049414afe0b846789d4668ef274b62e4a87a899c9fe	banodoco_workspace_client/contract_metadata.py
consumer	Astrid	after	056a6d965297e15d162015db057b739fbf8806e8cb844e9f4c60c378e8f1421f	tests/stage1/test_vendored_workspace_client_parity_luna.py
consumer	reigh-app	after	97ee8abe3991bcaaa3898d6347996431b79475eff35dd34433c3bf62003b0d61	src/integrations/runtime/contract-metadata.ts
frozen-contract	reigh-app	after	b5036e16eab503afd15a4ec5b11cb178a01c6e895016b0545493e93314404783	config/contracts/astrid-plan-a-c1.json
frozen-contract	reigh-app	after	1f8b9d99854150bf5a34afcff56758eb40af70adecef5be30933bb40def115ef	config/contracts/astrid-plan-a-c2.json
dependency	evidence	verified	9621b1973337ca40f5f1794ffa1536e295ec90611bb0c305cc727bf7f764858e	I-08-refresh-20260924/I-08-refresh-result.md
dependency	evidence	verified	d2bad2d07dc720e970077ab46272676cc4f73fa2115989022dc3e0f0d169fe94	I-10-product-disposition/result.md
