source_root	path	source_sha256_or_identity	candidate_sha256	disposition	preserved_at
delivery	banodoco_workspace_runtime.egg-info/PKG-INFO	83f8dd8bcb04e432f1a39ac9bda04ea5f595f61c3f9908a051db48c910bebaa6	-	omitted generated packaging metadata	/Users/peteromalley/Documents/reigh-workspace/banodoco-workspace-runtime/.otto/worktrees/astrid-dirty-main-integration-publish-20260924/banodoco_workspace_runtime.egg-info/PKG-INFO
delivery	banodoco_workspace_runtime.egg-info/SOURCES.txt	7695cf2e85685ebeddf3a7ae6675a62fc2fe3993cd2af40eb16da42f04dabda9	-	omitted generated packaging metadata	/Users/peteromalley/Documents/reigh-workspace/banodoco-workspace-runtime/.otto/worktrees/astrid-dirty-main-integration-publish-20260924/banodoco_workspace_runtime.egg-info/SOURCES.txt
delivery	banodoco_workspace_runtime.egg-info/dependency_links.txt	01ba4719c80b6fe911b091a7c05124b64eeece964e09c058ef8f9805daca546b	-	omitted generated packaging metadata	/Users/peteromalley/Documents/reigh-workspace/banodoco-workspace-runtime/.otto/worktrees/astrid-dirty-main-integration-publish-20260924/banodoco_workspace_runtime.egg-info/dependency_links.txt
delivery	banodoco_workspace_runtime.egg-info/entry_points.txt	89efb0ff3a5ce6fde06e7d2148f56b1cfa0db58751b893020c2ee564b5e70e36	-	omitted generated packaging metadata	/Users/peteromalley/Documents/reigh-workspace/banodoco-workspace-runtime/.otto/worktrees/astrid-dirty-main-integration-publish-20260924/banodoco_workspace_runtime.egg-info/entry_points.txt
delivery	banodoco_workspace_runtime.egg-info/top_level.txt	bfe1c30bc6ed07677b16ac84bae0e3f744070da982a0b3d1407d18d4d5ad3068	-	omitted generated packaging metadata	/Users/peteromalley/Documents/reigh-workspace/banodoco-workspace-runtime/.otto/worktrees/astrid-dirty-main-integration-publish-20260924/banodoco_workspace_runtime.egg-info/top_level.txt
delivery	build/lib/banodoco_local/__init__.py	a41070d182913425edbcef85615bc0f0a4c18b758862e4ea072b675cfc6ee98a	-	omitted generated build output	/Users/peteromalley/Documents/reigh-workspace/banodoco-workspace-runtime/.otto/worktrees/astrid-dirty-main-integration-publish-20260924/build/lib/banodoco_local/__init__.py
delivery	build/lib/banodoco_local/__main__.py	307299fda7b77d22c64cb51430ec75e5f59d78e9c948786afb3b2544fe45e4b7	-	omitted generated build output	/Users/peteromalley/Documents/reigh-workspace/banodoco-workspace-runtime/.otto/worktrees/astrid-dirty-main-integration-publish-20260924/build/lib/banodoco_local/__main__.py
delivery	build/lib/banodoco_local/bootstrap.py	02e473edb8e71a99c6b2abbd6fdb011b8aab3955f43c98a4f35abda7668e41f6	-	omitted generated build output	/Users/peteromalley/Documents/reigh-workspace/banodoco-workspace-runtime/.otto/worktrees/astrid-dirty-main-integration-publish-20260924/build/lib/banodoco_local/bootstrap.py
delivery	build/lib/banodoco_local/cli.py	f616df25914079f89b0cc0063a6a513c724c2e149f5cf795195bb62182ca7727	-	omitted generated build output	/Users/peteromalley/Documents/reigh-workspace/banodoco-workspace-runtime/.otto/worktrees/astrid-dirty-main-integration-publish-20260924/build/lib/banodoco_local/cli.py
delivery	build/lib/banodoco_local/io.py	91dbdb5a08967fdbbcb5ea9462e3421d60473f8ba61183e6b17511c391f58630	-	omitted generated build output	/Users/peteromalley/Documents/reigh-workspace/banodoco-workspace-runtime/.otto/worktrees/astrid-dirty-main-integration-publish-20260924/build/lib/banodoco_local/io.py
delivery	build/lib/banodoco_local/operator_upgrade.py	f6a8a2a390dea263ef1ebceca0f5a883a323429f576f821eb9ee9305760ed9e2	-	omitted generated build output	/Users/peteromalley/Documents/reigh-workspace/banodoco-workspace-runtime/.otto/worktrees/astrid-dirty-main-integration-publish-20260924/build/lib/banodoco_local/operator_upgrade.py
delivery	build/lib/banodoco_local/paths.py	c78bba8f5b1f219c2fffa4c1cc3d43fdcc4d6813bfe20f0eb772dbd7a4b9cde5	-	omitted generated build output	/Users/peteromalley/Documents/reigh-workspace/banodoco-workspace-runtime/.otto/worktrees/astrid-dirty-main-integration-publish-20260924/build/lib/banodoco_local/paths.py
delivery	build/lib/banodoco_local/relocation.py	c43a9b4b1ec011722ecafee46433a3b2020b4c9baa175d7ee4e02c187f18755a	-	omitted generated build output	/Users/peteromalley/Documents/reigh-workspace/banodoco-workspace-runtime/.otto/worktrees/astrid-dirty-main-integration-publish-20260924/build/lib/banodoco_local/relocation.py
delivery	build/lib/banodoco_local/runtime_boundary.py	2bbe4d6a2654a6680fb58b9f971a2dbdf60d7276aaf425308be9076f8b460754	-	omitted generated build output	/Users/peteromalley/Documents/reigh-workspace/banodoco-workspace-runtime/.otto/worktrees/astrid-dirty-main-integration-publish-20260924/build/lib/banodoco_local/runtime_boundary.py
delivery	build/lib/banodoco_local/workspace.py	4ce47bf936f1f619e9892f9dafb8b66b3b43d1dcd7de306e40ef33c5eaa4e647	-	omitted generated build output	/Users/peteromalley/Documents/reigh-workspace/banodoco-workspace-runtime/.otto/worktrees/astrid-dirty-main-integration-publish-20260924/build/lib/banodoco_local/workspace.py
delivery	build/lib/runtime_protocol/__init__.py	a47d746005dba040192c821d91f991af66881293f3f0971bcad79021998f8f3e	-	omitted generated build output	/Users/peteromalley/Documents/reigh-workspace/banodoco-workspace-runtime/.otto/worktrees/astrid-dirty-main-integration-publish-20260924/build/lib/runtime_protocol/__init__.py
delivery	build/lib/runtime_protocol/__main__.py	935a1c1166b0c1ea35a82256345000bf2c73ded718d77773bc27a71ecce28f7d	-	omitted generated build output	/Users/peteromalley/Documents/reigh-workspace/banodoco-workspace-runtime/.otto/worktrees/astrid-dirty-main-integration-publish-20260924/build/lib/runtime_protocol/__main__.py
delivery	build/lib/runtime_protocol/auth.py	6a91245a06f050e89fc43300704e6eae547522c04b6c4f15304a74e8f877c785	-	omitted generated build output	/Users/peteromalley/Documents/reigh-workspace/banodoco-workspace-runtime/.otto/worktrees/astrid-dirty-main-integration-publish-20260924/build/lib/runtime_protocol/auth.py
delivery	build/lib/runtime_protocol/backup.py	3993a36c347077e690ac1cd18df60481b9e4482fa2ca8a995cf50ccacd62d71b	-	omitted generated build output	/Users/peteromalley/Documents/reigh-workspace/banodoco-workspace-runtime/.otto/worktrees/astrid-dirty-main-integration-publish-20260924/build/lib/runtime_protocol/backup.py
delivery	build/lib/runtime_protocol/canonical_schema.py	405746e4def5210c569d40e1a2681f4c71507cde8874265ef869af1181b765e4	-	omitted generated build output	/Users/peteromalley/Documents/reigh-workspace/banodoco-workspace-runtime/.otto/worktrees/astrid-dirty-main-integration-publish-20260924/build/lib/runtime_protocol/canonical_schema.py
delivery	build/lib/runtime_protocol/cas.py	19d56a1dd6e987bfaf5a11e654b03eae6d7d23ac0fce8963e7d715051db33c9f	-	omitted generated build output	/Users/peteromalley/Documents/reigh-workspace/banodoco-workspace-runtime/.otto/worktrees/astrid-dirty-main-integration-publish-20260924/build/lib/runtime_protocol/cas.py
delivery	build/lib/runtime_protocol/catalog.py	8bd81cec980c37fab7137c99f63af0e2f3b0c752d542df66e88f509d261d9af2	-	omitted generated build output	/Users/peteromalley/Documents/reigh-workspace/banodoco-workspace-runtime/.otto/worktrees/astrid-dirty-main-integration-publish-20260924/build/lib/runtime_protocol/catalog.py
delivery	build/lib/runtime_protocol/cli.py	406a14434606f58cdcf71a414dc22f3c92bf03feb296c7b07481d95ee65419e4	-	omitted generated build output	/Users/peteromalley/Documents/reigh-workspace/banodoco-workspace-runtime/.otto/worktrees/astrid-dirty-main-integration-publish-20260924/build/lib/runtime_protocol/cli.py
delivery	build/lib/runtime_protocol/contract_metadata.py	9c01d2a6c1cdcd47a090bf63f0e00a948710c3a76118fcfa9131d6a342baf950	-	omitted generated build output	/Users/peteromalley/Documents/reigh-workspace/banodoco-workspace-runtime/.otto/worktrees/astrid-dirty-main-integration-publish-20260924/build/lib/runtime_protocol/contract_metadata.py
delivery	build/lib/runtime_protocol/daemon.py	c273dda27825051aed0983553c4206cb3f2df91685e2034ad5873aec35deca08	-	omitted generated build output	/Users/peteromalley/Documents/reigh-workspace/banodoco-workspace-runtime/.otto/worktrees/astrid-dirty-main-integration-publish-20260924/build/lib/runtime_protocol/daemon.py
delivery	build/lib/runtime_protocol/dirfd.py	1fd419ce7e8d30647588aed6c73f6098d7a29b6a6adb02c8ed8c7723249ea1e2	-	omitted generated build output	/Users/peteromalley/Documents/reigh-workspace/banodoco-workspace-runtime/.otto/worktrees/astrid-dirty-main-integration-publish-20260924/build/lib/runtime_protocol/dirfd.py
delivery	build/lib/runtime_protocol/errors.py	71ccdcc16e3be78298f7d7474804c0b62d99ff922d2697a9e200d84ccbceb323	-	omitted generated build output	/Users/peteromalley/Documents/reigh-workspace/banodoco-workspace-runtime/.otto/worktrees/astrid-dirty-main-integration-publish-20260924/build/lib/runtime_protocol/errors.py
delivery	build/lib/runtime_protocol/lifecycle.py	6329c44bfc195f865f39fdb527810407cff9e617433a63e6a68f68191249425a	-	omitted generated build output	/Users/peteromalley/Documents/reigh-workspace/banodoco-workspace-runtime/.otto/worktrees/astrid-dirty-main-integration-publish-20260924/build/lib/runtime_protocol/lifecycle.py
delivery	build/lib/runtime_protocol/local_worker.py	309cb6a41a8c94d55612c9399dc3ae1300f3436ca3cf5cd9912b6e2e2cf70f2c	-	omitted generated build output	/Users/peteromalley/Documents/reigh-workspace/banodoco-workspace-runtime/.otto/worktrees/astrid-dirty-main-integration-publish-20260924/build/lib/runtime_protocol/local_worker.py
delivery	build/lib/runtime_protocol/managed_render_snapshot.py	8c67413f0c924e1312c6319bda2194fc0947dd7f40ca7488d599e1af9f815a5f	-	omitted generated build output	/Users/peteromalley/Documents/reigh-workspace/banodoco-workspace-runtime/.otto/worktrees/astrid-dirty-main-integration-publish-20260924/build/lib/runtime_protocol/managed_render_snapshot.py
delivery	build/lib/runtime_protocol/release_identity.py	8bfd71804d7910128bc7468b37ef7f5efe8143bcfb20fde3f398c026d879db03	-	omitted generated build output	/Users/peteromalley/Documents/reigh-workspace/banodoco-workspace-runtime/.otto/worktrees/astrid-dirty-main-integration-publish-20260924/build/lib/runtime_protocol/release_identity.py
delivery	build/lib/runtime_protocol/server.py	630a900f7d333d8eeed89fea9ad4f062dc9af293cd3387a2ac6cf9608551fe13	-	omitted generated build output	/Users/peteromalley/Documents/reigh-workspace/banodoco-workspace-runtime/.otto/worktrees/astrid-dirty-main-integration-publish-20260924/build/lib/runtime_protocol/server.py
delivery	build/lib/runtime_protocol/service.py	c0bfc55332334cf8f944bf4ef5493c5e33e5dd46755d90df25ee5394eecd5e83	-	omitted generated build output	/Users/peteromalley/Documents/reigh-workspace/banodoco-workspace-runtime/.otto/worktrees/astrid-dirty-main-integration-publish-20260924/build/lib/runtime_protocol/service.py
delivery	build/lib/runtime_protocol/shot_dependencies.py	c03fbf21e440ef711e8c691fdaf997bc59eb27cf56550bace18b1e693cd540b9	-	omitted generated build output	/Users/peteromalley/Documents/reigh-workspace/banodoco-workspace-runtime/.otto/worktrees/astrid-dirty-main-integration-publish-20260924/build/lib/runtime_protocol/shot_dependencies.py
delivery	build/lib/runtime_protocol/store.py	edebe606884fc3a0bc8d388e2f0006ea2fb67f2eff4ca43b4eaa5cf4b4740c21	-	omitted generated build output	/Users/peteromalley/Documents/reigh-workspace/banodoco-workspace-runtime/.otto/worktrees/astrid-dirty-main-integration-publish-20260924/build/lib/runtime_protocol/store.py
delivery	build/lib/runtime_protocol/upgrade.py	8f1505fdc1085a344f9cab4dc06df7665a4a932dd00196b2d897f18c67b7219e	-	omitted generated build output	/Users/peteromalley/Documents/reigh-workspace/banodoco-workspace-runtime/.otto/worktrees/astrid-dirty-main-integration-publish-20260924/build/lib/runtime_protocol/upgrade.py
delivery	build/lib/runtime_protocol/util.py	07b41da1f3815120818fdc9114986666346ea7fd0dc865641551697ec94b9ae2	-	omitted generated build output	/Users/peteromalley/Documents/reigh-workspace/banodoco-workspace-runtime/.otto/worktrees/astrid-dirty-main-integration-publish-20260924/build/lib/runtime_protocol/util.py
delivery	evidence/I-06-placement/I-06-result.md	cc509e6320af7e0864cf4c5b1744d68638456696531cad46674eb9ff02c73b31	-	omitted prior run evidence/control; not product candidate	/Users/peteromalley/Documents/reigh-workspace/banodoco-workspace-runtime/.otto/worktrees/astrid-dirty-main-integration-publish-20260924/evidence/I-06-placement/I-06-result.md
delivery	evidence/I-06-placement/changed-paths.tsv	fe1db44488579034e317c4b2d2fe493fb76662e6f382174070581fa490eb01e4	-	omitted prior run evidence/control; not product candidate	/Users/peteromalley/Documents/reigh-workspace/banodoco-workspace-runtime/.otto/worktrees/astrid-dirty-main-integration-publish-20260924/evidence/I-06-placement/changed-paths.tsv
delivery	evidence/I-06-placement/commands.log	738753cf9a27b2cf6ff6db58d944a1aecc5d63aa0c9920dd8061f47a566a682e	-	omitted prior run evidence/control; not product candidate	/Users/peteromalley/Documents/reigh-workspace/banodoco-workspace-runtime/.otto/worktrees/astrid-dirty-main-integration-publish-20260924/evidence/I-06-placement/commands.log
delivery	evidence/I-07-refresh-20260924/I-07-refresh-result.md	0956cdf5f7a3466a95ccb4c3899631b54626f3ab2335b2398be68f47a625b041	-	omitted prior run evidence/control; not product candidate	/Users/peteromalley/Documents/reigh-workspace/banodoco-workspace-runtime/.otto/worktrees/astrid-dirty-main-integration-publish-20260924/evidence/I-07-refresh-20260924/I-07-refresh-result.md
delivery	evidence/I-07-refresh-20260924/changed-paths.tsv	d683dff8af03b1525de0322c1febe88c0cae5acb6eccd43c13dae69e94a00a35	-	omitted prior run evidence/control; not product candidate	/Users/peteromalley/Documents/reigh-workspace/banodoco-workspace-runtime/.otto/worktrees/astrid-dirty-main-integration-publish-20260924/evidence/I-07-refresh-20260924/changed-paths.tsv
delivery	evidence/I-07-refresh-20260924/collision-dispositions.tsv	e46715e4f5f8a21baad531940d59d80843a4ba6d6db1ada3eb0b1831b9be1d19	-	omitted prior run evidence/control; not product candidate	/Users/peteromalley/Documents/reigh-workspace/banodoco-workspace-runtime/.otto/worktrees/astrid-dirty-main-integration-publish-20260924/evidence/I-07-refresh-20260924/collision-dispositions.tsv
delivery	evidence/I-07-refresh-20260924/commands.log	c981ef68784204fc5b6b8403bbf6b6a99488c2a1a65f16b6e5484e10729f9a1a	-	omitted prior run evidence/control; not product candidate	/Users/peteromalley/Documents/reigh-workspace/banodoco-workspace-runtime/.otto/worktrees/astrid-dirty-main-integration-publish-20260924/evidence/I-07-refresh-20260924/commands.log
delivery	evidence/I-07-refresh-20260924/primary-fingerprints.tsv	7f3af5c76181b4d3546c691fa34189d0cbe167286883a1a265679e2b5e81252b	-	omitted prior run evidence/control; not product candidate	/Users/peteromalley/Documents/reigh-workspace/banodoco-workspace-runtime/.otto/worktrees/astrid-dirty-main-integration-publish-20260924/evidence/I-07-refresh-20260924/primary-fingerprints.tsv
delivery	evidence/I-07-refresh-20260924/source-hashes.tsv	e960b6eef777dfa46d354e0e8f6c860ffb50666d7da760b2c222095c852e2276	-	omitted prior run evidence/control; not product candidate	/Users/peteromalley/Documents/reigh-workspace/banodoco-workspace-runtime/.otto/worktrees/astrid-dirty-main-integration-publish-20260924/evidence/I-07-refresh-20260924/source-hashes.tsv
delivery	evidence/I-07-setup-kernel/I-07-result.md	329c058d9e1c0e79d2c80156cd2c9516ce55148f2bc8e4174cb6f69c8d24c986	-	omitted prior run evidence/control; not product candidate	/Users/peteromalley/Documents/reigh-workspace/banodoco-workspace-runtime/.otto/worktrees/astrid-dirty-main-integration-publish-20260924/evidence/I-07-setup-kernel/I-07-result.md
delivery	evidence/I-07-setup-kernel/changed-paths.tsv	8bf5d9adb606e95d25cef47d3538abdc86884386683f36e7af99ae54938b763c	-	omitted prior run evidence/control; not product candidate	/Users/peteromalley/Documents/reigh-workspace/banodoco-workspace-runtime/.otto/worktrees/astrid-dirty-main-integration-publish-20260924/evidence/I-07-setup-kernel/changed-paths.tsv
delivery	evidence/I-07-setup-kernel/commands.log	d46c6d770fea2e6fb653d8b49ea098a98e00da8e43fb1bc33c54e758ae4a9c7d	-	omitted prior run evidence/control; not product candidate	/Users/peteromalley/Documents/reigh-workspace/banodoco-workspace-runtime/.otto/worktrees/astrid-dirty-main-integration-publish-20260924/evidence/I-07-setup-kernel/commands.log
delivery	evidence/I-08-gateway-diagnostics/I-08-result.md	69c8268092da8799de6a2a3efef21fe5aa5f3952b77179765580422f3a35ec0b	-	omitted prior run evidence/control; not product candidate	/Users/peteromalley/Documents/reigh-workspace/banodoco-workspace-runtime/.otto/worktrees/astrid-dirty-main-integration-publish-20260924/evidence/I-08-gateway-diagnostics/I-08-result.md
delivery	evidence/I-08-gateway-diagnostics/changed-paths.tsv	ec741d5118b0a652d19f2480915aeac76eec4791775bd826b6b43979288565de	-	omitted prior run evidence/control; not product candidate	/Users/peteromalley/Documents/reigh-workspace/banodoco-workspace-runtime/.otto/worktrees/astrid-dirty-main-integration-publish-20260924/evidence/I-08-gateway-diagnostics/changed-paths.tsv
delivery	evidence/I-08-gateway-diagnostics/commands.log	fa4b29de4dd876f559e4369e48cc72ec9494594ac81320f5750fba773476fec0	-	omitted prior run evidence/control; not product candidate	/Users/peteromalley/Documents/reigh-workspace/banodoco-workspace-runtime/.otto/worktrees/astrid-dirty-main-integration-publish-20260924/evidence/I-08-gateway-diagnostics/commands.log
delivery	evidence/I-08-refresh-20260924/I-08-refresh-result.md	9621b1973337ca40f5f1794ffa1536e295ec90611bb0c305cc727bf7f764858e	-	omitted prior run evidence/control; not product candidate	/Users/peteromalley/Documents/reigh-workspace/banodoco-workspace-runtime/.otto/worktrees/astrid-dirty-main-integration-publish-20260924/evidence/I-08-refresh-20260924/I-08-refresh-result.md
delivery	evidence/I-08-refresh-20260924/commands.log	3074dde472bde7c56f50216ed40384060b314870cce3da854525420e940f0c1e	-	omitted prior run evidence/control; not product candidate	/Users/peteromalley/Documents/reigh-workspace/banodoco-workspace-runtime/.otto/worktrees/astrid-dirty-main-integration-publish-20260924/evidence/I-08-refresh-20260924/commands.log
delivery	evidence/I-08-refresh-20260924/primary-fingerprints.tsv	408055c7ae5163ddbe0694d187bae1b924fb3e1dd3a69baebb6eebb8694d31be	-	omitted prior run evidence/control; not product candidate	/Users/peteromalley/Documents/reigh-workspace/banodoco-workspace-runtime/.otto/worktrees/astrid-dirty-main-integration-publish-20260924/evidence/I-08-refresh-20260924/primary-fingerprints.tsv
delivery	evidence/I-08-refresh-20260924/reconciliation.md	4c8e5f7e2af11269ad39942f65316524ebf9f04c50a6db8754788a5bc3d51dbf	-	omitted prior run evidence/control; not product candidate	/Users/peteromalley/Documents/reigh-workspace/banodoco-workspace-runtime/.otto/worktrees/astrid-dirty-main-integration-publish-20260924/evidence/I-08-refresh-20260924/reconciliation.md
delivery	evidence/I-09-refresh-20260924/I-09-refresh-result.md	d3e31a8c75c831cb0ad38a96888f4060fda3ac4cafc58073c2d3586ff1134690	-	omitted prior run evidence/control; not product candidate	/Users/peteromalley/Documents/reigh-workspace/banodoco-workspace-runtime/.otto/worktrees/astrid-dirty-main-integration-publish-20260924/evidence/I-09-refresh-20260924/I-09-refresh-result.md
delivery	evidence/I-09-refresh-20260924/changed-paths.tsv	84b8ff1cefada221a2dfd340146d04467b702641029a6839a69caf02dc0073d1	-	omitted prior run evidence/control; not product candidate	/Users/peteromalley/Documents/reigh-workspace/banodoco-workspace-runtime/.otto/worktrees/astrid-dirty-main-integration-publish-20260924/evidence/I-09-refresh-20260924/changed-paths.tsv
delivery	evidence/I-09-refresh-20260924/commands.log	2099109d96d6e4bf86e126c7e28271b001adf5067f780c5c7472d353fc7e3ae2	-	omitted prior run evidence/control; not product candidate	/Users/peteromalley/Documents/reigh-workspace/banodoco-workspace-runtime/.otto/worktrees/astrid-dirty-main-integration-publish-20260924/evidence/I-09-refresh-20260924/commands.log
delivery	evidence/I-09-refresh-20260924/primary-fingerprints.tsv	ff35bae971d5b4037ef26f2c16ccd9caa7c03ab38db0c57be57a16c95abe4943	-	omitted prior run evidence/control; not product candidate	/Users/peteromalley/Documents/reigh-workspace/banodoco-workspace-runtime/.otto/worktrees/astrid-dirty-main-integration-publish-20260924/evidence/I-09-refresh-20260924/primary-fingerprints.tsv
delivery	evidence/I-09-refresh-20260924/source-hashes.tsv	966c85cd40eeaa743138b8eef50c340a021b42c7e14a4644218c006df1607013	-	omitted prior run evidence/control; not product candidate	/Users/peteromalley/Documents/reigh-workspace/banodoco-workspace-runtime/.otto/worktrees/astrid-dirty-main-integration-publish-20260924/evidence/I-09-refresh-20260924/source-hashes.tsv
delivery	evidence/I-09-refresh-20260924/successor-applicability.tsv	ffd7a2c7cce65b9c4b832d4784cc347e04d61399c71c05be8e290e05a6dd0625	-	omitted prior run evidence/control; not product candidate	/Users/peteromalley/Documents/reigh-workspace/banodoco-workspace-runtime/.otto/worktrees/astrid-dirty-main-integration-publish-20260924/evidence/I-09-refresh-20260924/successor-applicability.tsv
delivery	evidence/I-10-refresh-20260924/I-10-refresh-result.md	7b48d0fbc87798d4f34963f981c485550d2afd7566d302373c220f1056385832	-	omitted prior run evidence/control; not product candidate	/Users/peteromalley/Documents/reigh-workspace/banodoco-workspace-runtime/.otto/worktrees/astrid-dirty-main-integration-publish-20260924/evidence/I-10-refresh-20260924/I-10-refresh-result.md
delivery	evidence/I-10-refresh-20260924/changed-paths.tsv	09a36167cafc91f49424bee8ee704b46082a93d03ef5c05650ab2a85b4a3a722	-	omitted prior run evidence/control; not product candidate	/Users/peteromalley/Documents/reigh-workspace/banodoco-workspace-runtime/.otto/worktrees/astrid-dirty-main-integration-publish-20260924/evidence/I-10-refresh-20260924/changed-paths.tsv
delivery	evidence/I-10-refresh-20260924/commands.log	1748146e3e2f2e34790170856dc22e80f67987b99eafa118096dd691b00e0601	-	omitted prior run evidence/control; not product candidate	/Users/peteromalley/Documents/reigh-workspace/banodoco-workspace-runtime/.otto/worktrees/astrid-dirty-main-integration-publish-20260924/evidence/I-10-refresh-20260924/commands.log
delivery	evidence/I-10-refresh-20260924/disposition.tsv	cbaf828d5318ef11f1cf07e59299cf61d635ef2d53afc1a517aa9b644fbd2984	-	omitted prior run evidence/control; not product candidate	/Users/peteromalley/Documents/reigh-workspace/banodoco-workspace-runtime/.otto/worktrees/astrid-dirty-main-integration-publish-20260924/evidence/I-10-refresh-20260924/disposition.tsv
delivery	evidence/I-10-refresh-20260924/primary-fingerprints.tsv	bf5423d4cc63787ed45528943e212f5da6b39dba5f44d2231488be97fd7744ce	-	omitted prior run evidence/control; not product candidate	/Users/peteromalley/Documents/reigh-workspace/banodoco-workspace-runtime/.otto/worktrees/astrid-dirty-main-integration-publish-20260924/evidence/I-10-refresh-20260924/primary-fingerprints.tsv
delivery	evidence/I-10-refresh-20260924/source-hashes.tsv	1b0ff7a8aa004932be3478f510845dc27676710869af0d4702a1fca7c3f9bf48	-	omitted prior run evidence/control; not product candidate	/Users/peteromalley/Documents/reigh-workspace/banodoco-workspace-runtime/.otto/worktrees/astrid-dirty-main-integration-publish-20260924/evidence/I-10-refresh-20260924/source-hashes.tsv
delivery	evidence/runtime-foundation-review/correction-changed-paths.tsv	4eb39949cec069a903f3160b0660cebd53304149fe4f55b76d2ecad94f9ecb64	-	omitted prior run evidence/control; not product candidate	/Users/peteromalley/Documents/reigh-workspace/banodoco-workspace-runtime/.otto/worktrees/astrid-dirty-main-integration-publish-20260924/evidence/runtime-foundation-review/correction-changed-paths.tsv
delivery	evidence/runtime-foundation-review/correction-commands.log	bd79548f02a8654bbea9b0e163058d4ec0efca9eb0b219df4ee280d08f66c760	-	omitted prior run evidence/control; not product candidate	/Users/peteromalley/Documents/reigh-workspace/banodoco-workspace-runtime/.otto/worktrees/astrid-dirty-main-integration-publish-20260924/evidence/runtime-foundation-review/correction-commands.log
delivery	evidence/runtime-foundation-review/correction-result.md	566ca921b3231d0674dfd7376e2d881f90509230e6216a158de114774890ed55	-	omitted prior run evidence/control; not product candidate	/Users/peteromalley/Documents/reigh-workspace/banodoco-workspace-runtime/.otto/worktrees/astrid-dirty-main-integration-publish-20260924/evidence/runtime-foundation-review/correction-result.md
delivery	evidence/runtime-foundation-review/correction-rf01a-changed-paths.tsv	86d53d343b8df7d624eaf6a20de648fe1053fc6a73793be0d56852df25711a80	-	omitted prior run evidence/control; not product candidate	/Users/peteromalley/Documents/reigh-workspace/banodoco-workspace-runtime/.otto/worktrees/astrid-dirty-main-integration-publish-20260924/evidence/runtime-foundation-review/correction-rf01a-changed-paths.tsv
delivery	evidence/runtime-foundation-review/correction-rf01a-commands.log	c0d41ec7af87e623359ec522512dd4e16a93cced95a136a60a91b65cd75f820b	-	omitted prior run evidence/control; not product candidate	/Users/peteromalley/Documents/reigh-workspace/banodoco-workspace-runtime/.otto/worktrees/astrid-dirty-main-integration-publish-20260924/evidence/runtime-foundation-review/correction-rf01a-commands.log
delivery	evidence/runtime-foundation-review/correction-rf01a-result.md	9819c3941c45e5fcdfbdf439e0db2454dca6963343d48bbfe56b27f4c830db18	-	omitted prior run evidence/control; not product candidate	/Users/peteromalley/Documents/reigh-workspace/banodoco-workspace-runtime/.otto/worktrees/astrid-dirty-main-integration-publish-20260924/evidence/runtime-foundation-review/correction-rf01a-result.md
primary	banodoco_local/operator_upgrade.py	8e1cbe44831e04174ef10859a703edeadf740ed7503d05894fa3b185f19dae8b	f6a8a2a390dea263ef1ebceca0f5a883a323429f576f821eb9ee9305760ed9e2	current-main bytes retained; reviewed delivery successor selected without whole-file overwrite of primary	/Users/peteromalley/Documents/reigh-workspace/banodoco-workspace-runtime/banodoco_local/operator_upgrade.py
primary	clients/typescript/contract-metadata.ts	c36198543a5ffc87d9898c16538d7f98c1e097f27b3615c5b022c25a06e76e6d	7eeb6622eb5597182df86f775388740b8a2a2c3bb9a91e2be11baec83f4d72e8	current-main bytes retained; reviewed delivery successor selected without whole-file overwrite of primary	/Users/peteromalley/Documents/reigh-workspace/banodoco-workspace-runtime/clients/typescript/contract-metadata.ts
primary	clients/typescript/generated.ts	4ab72e44df2c7672b991907820f84c927ea09573834b8030d026e72e5a8bf1aa	12fc73ff54b89024d5d02b65abecbddb25e0b76114d73e7146789377d62c28b1	current-main bytes retained; reviewed delivery successor selected without whole-file overwrite of primary	/Users/peteromalley/Documents/reigh-workspace/banodoco-workspace-runtime/clients/typescript/generated.ts
primary	contract/openapi/workspace-v1.yaml	550e3c28ac29498705b35832e30108b69f0186cf2abc6680fc0ea793d06a0f6b	d2b2c2c3ef2d88bdc7d3e766d68de7beb6ed1040ab16a2b5d389af5592e101a5	current-main bytes retained; reviewed delivery successor selected without whole-file overwrite of primary	/Users/peteromalley/Documents/reigh-workspace/banodoco-workspace-runtime/contract/openapi/workspace-v1.yaml
primary	contract/schemas/task.json	f00c0cbcfbce4eb96b1faecb24de64710cb0799a39d4e06b3aa9fb7d53bd4011	f4ba5d862baa1cc49a2eaef35588d117d63c5a296388eee0ddbe4525e529c6ac	current-main bytes retained; reviewed delivery successor selected without whole-file overwrite of primary	/Users/peteromalley/Documents/reigh-workspace/banodoco-workspace-runtime/contract/schemas/task.json
primary	contract/schemas/worker.json	e6f36517bcf171a2c2bd735b7a39d48033165e9eddbcf662682c4c38520acb0a	8e875fc1252ecc72dd3234f4702f4e58b8035620d02b9c9393b3e9408559e587	current-main bytes retained; reviewed delivery successor selected without whole-file overwrite of primary	/Users/peteromalley/Documents/reigh-workspace/banodoco-workspace-runtime/contract/schemas/worker.json
primary	generators/python_client_template.py	dca922ada797b24e890adea55aa6d284c2245c419ee9472071621a5971993c78	075d1fad14e9befb2f09ebb0043faf74a73570836544c728febb989aaf8cf264	current-main bytes retained; reviewed delivery successor selected without whole-file overwrite of primary	/Users/peteromalley/Documents/reigh-workspace/banodoco-workspace-runtime/generators/python_client_template.py
primary	packages/python/banodoco_workspace_client/contract_metadata.py	5ef4fc368cea2037c1942ec8c1097b159dd0aecefafb566d4fc123fd3ade5a5d	9c01d2a6c1cdcd47a090bf63f0e00a948710c3a76118fcfa9131d6a342baf950	current-main bytes retained; reviewed delivery successor selected without whole-file overwrite of primary	/Users/peteromalley/Documents/reigh-workspace/banodoco-workspace-runtime/packages/python/banodoco_workspace_client/contract_metadata.py
primary	packages/python/banodoco_workspace_client/generated.py	02703613029ab7940bd9fba238f19b8425ff92b098c115bb0fdc082cd5022469	d6206ad8528e56d680c031d5eaa7ba67bcce85f64ec29953dab100e85ce55838	current-main bytes retained; reviewed delivery successor selected without whole-file overwrite of primary	/Users/peteromalley/Documents/reigh-workspace/banodoco-workspace-runtime/packages/python/banodoco_workspace_client/generated.py
primary	packages/typescript/src/contract-metadata.ts	68772f3a867c1d5357ef451206a5830650968bf2f28356e43882c65ccdc5fb2e	8a35dde9d775bd32b711963b53736cb4a514201bb02b015dbbe91e69ce85c2b7	current-main bytes retained; reviewed delivery successor selected without whole-file overwrite of primary	/Users/peteromalley/Documents/reigh-workspace/banodoco-workspace-runtime/packages/typescript/src/contract-metadata.ts
primary	packages/typescript/src/generated.ts	3b9a6e003b7297204176431b69447aad18a383e2ddfae08a18e9b548d91ce742	21335d420323c98c21a0a12b3785d451244a789605a4209554929c7bcd5625c7	current-main bytes retained; reviewed delivery successor selected without whole-file overwrite of primary	/Users/peteromalley/Documents/reigh-workspace/banodoco-workspace-runtime/packages/typescript/src/generated.ts
primary	runtime_protocol/contract_metadata.py	5ef4fc368cea2037c1942ec8c1097b159dd0aecefafb566d4fc123fd3ade5a5d	9c01d2a6c1cdcd47a090bf63f0e00a948710c3a76118fcfa9131d6a342baf950	current-main bytes retained; reviewed delivery successor selected without whole-file overwrite of primary	/Users/peteromalley/Documents/reigh-workspace/banodoco-workspace-runtime/runtime_protocol/contract_metadata.py
primary	runtime_protocol/service.py	c35416a7457cc7826ffe35632d08442eb91068c2c5a6201be35d88ed2343f85e	c0bfc55332334cf8f944bf4ef5493c5e33e5dd46755d90df25ee5394eecd5e83	current-main bytes retained; reviewed delivery successor selected without whole-file overwrite of primary	/Users/peteromalley/Documents/reigh-workspace/banodoco-workspace-runtime/runtime_protocol/service.py
primary	runtime_protocol/store.py	2e753f8564f296f7c06bcd8ebaeb1b672e937335855dd46e8217fdb256733576	edebe606884fc3a0bc8d388e2f0006ea2fb67f2eff4ca43b4eaa5cf4b4740c21	current-main bytes retained; reviewed delivery successor selected without whole-file overwrite of primary	/Users/peteromalley/Documents/reigh-workspace/banodoco-workspace-runtime/runtime_protocol/store.py
primary	runtime_protocol/upgrade.py	61740516ebd2a087c53c6a5fa7c3f92b83e31741c61b749560850f595fb611a2	8f1505fdc1085a344f9cab4dc06df7665a4a932dd00196b2d897f18c67b7219e	current-main bytes retained; reviewed delivery successor selected without whole-file overwrite of primary	/Users/peteromalley/Documents/reigh-workspace/banodoco-workspace-runtime/runtime_protocol/upgrade.py
primary	tests/test_operator_upgrade.py	ddbb280727c188b18ea82daa371f2bb723b27ef7b877c5bd4eaa990eab2a602e	6c09a22bda69bfc4d67ef65ad309cb3cdd51248934f6ed8497af5e2826b02843	current-main bytes retained; reviewed delivery successor selected without whole-file overwrite of primary	/Users/peteromalley/Documents/reigh-workspace/banodoco-workspace-runtime/tests/test_operator_upgrade.py
primary	tests/test_runtime_upgrade.py	8ed2f91768f5c1b782e7c9617dcf54345ab0f52b630c8aceb3441735ac926431	10bcdb57a1b631576bd828be27c3503e7f3afc55b28cc18e358d5e41973ebf1c	current-main bytes retained; reviewed delivery successor selected without whole-file overwrite of primary	/Users/peteromalley/Documents/reigh-workspace/banodoco-workspace-runtime/tests/test_runtime_upgrade.py
primary	tests/test_execution_binding_contract.py	4358ca80cbdb7527894168d11c0e10683d67bf8c415691fecd902e14b1ce9d0c	4f19a6687d9f6aa379f8473ff625a8cba1ae49af90589bf498914d27e2e77841	current-main bytes retained; reviewed delivery successor selected without whole-file overwrite of primary	/Users/peteromalley/Documents/reigh-workspace/banodoco-workspace-runtime/tests/test_execution_binding_contract.py
primary	.DS_Store	d4e4d2ebbb0f2826256c4f831b9e19456fd8aa00a7432a3d90e91f0938a48387	-	omitted Finder metadata	/Users/peteromalley/Documents/reigh-workspace/banodoco-workspace-runtime/.DS_Store
primary	.otto/	grouped-in-place	-	omitted Git worktree/control root; deliberately not recursively copied	/Users/peteromalley/Documents/reigh-workspace/banodoco-workspace-runtime/.otto/
primary	banodoco_local/.DS_Store	3d607197340a425b39bc8ccfce93725814e30f83e8c0ea4f96df7d58cc7c32a5	-	omitted Finder metadata	/Users/peteromalley/Documents/reigh-workspace/banodoco-workspace-runtime/banodoco_local/.DS_Store
primary	banodoco_workspace_runtime.egg-info/	grouped-in-place	-	omitted generated packaging metadata tree	/Users/peteromalley/Documents/reigh-workspace/banodoco-workspace-runtime/banodoco_workspace_runtime.egg-info/
primary	build/	grouped-in-place	-	omitted generated build tree	/Users/peteromalley/Documents/reigh-workspace/banodoco-workspace-runtime/build/
primary	clients/.DS_Store	5a010b06771c8b392f2f1376bfa4feceb2fe2c4a1012b0bf12dfcfa0349d196c	-	omitted Finder metadata	/Users/peteromalley/Documents/reigh-workspace/banodoco-workspace-runtime/clients/.DS_Store
primary	conformance/.DS_Store	37514b746c06c8a371ccf0a6ec06b238149afa2f79b79e6f5250ab5165deb52e	-	omitted Finder metadata	/Users/peteromalley/Documents/reigh-workspace/banodoco-workspace-runtime/conformance/.DS_Store
primary	contract/.DS_Store	1aa7228af62ac8acb637a188bd2351134e2cf21a8fe0251f99b16b66f68bc457	-	omitted Finder metadata	/Users/peteromalley/Documents/reigh-workspace/banodoco-workspace-runtime/contract/.DS_Store
primary	packages/.DS_Store	b78a02d8bb9a5ce3157b23c8d33cc15eb25d95a24205cde951f16b93ea7de468	-	omitted Finder metadata	/Users/peteromalley/Documents/reigh-workspace/banodoco-workspace-runtime/packages/.DS_Store
primary	runtime_protocol/.DS_Store	68cd2d222ffaf3bb548b1373a591ab087a0dde6dea145f084416d5a5ecb52eb1	-	omitted Finder metadata	/Users/peteromalley/Documents/reigh-workspace/banodoco-workspace-runtime/runtime_protocol/.DS_Store
primary	tests/.DS_Store	4903849847b555fca70c444122c9852c828ca70d10ffdfc10639f4bcd61d8edb	-	omitted Finder metadata	/Users/peteromalley/Documents/reigh-workspace/banodoco-workspace-runtime/tests/.DS_Store
