sha256	path	custody
a41070d182913425edbcef85615bc0f0a4c18b758862e4ea072b675cfc6ee98a	banodoco_local/__init__.py	unchanged_from_round2_manifest
02e473edb8e71a99c6b2abbd6fdb011b8aab3955f43c98a4f35abda7668e41f6	banodoco_local/bootstrap.py	unchanged_from_round2_manifest
4782f49ca29e33eaf7ab22f008f821e1e079827ce10aa1590c3c0e118ba23865	banodoco_local/cli.py	unchanged_from_round2_manifest
f6a8a2a390dea263ef1ebceca0f5a883a323429f576f821eb9ee9305760ed9e2	banodoco_local/operator_upgrade.py	unchanged_from_round2_manifest
2bbe4d6a2654a6680fb58b9f971a2dbdf60d7276aaf425308be9076f8b460754	banodoco_local/runtime_boundary.py	unchanged_from_round2_manifest
4ce47bf936f1f619e9892f9dafb8b66b3b43d1dcd7de306e40ef33c5eaa4e647	banodoco_local/workspace.py	unchanged_from_round2_manifest
997f521eb4802dfed5ff8a7848a504a023484c13cf253b6f02b2f32ffefebd00	clients/typescript/contract-metadata.ts	unchanged_from_round2_manifest
8e382129d63754c515bc6787a16467c1b31c5d1d4a197fc9e4fc57f4c91093cc	clients/typescript/generated.ts	unchanged_from_round2_manifest
259f06fa225aec0cb0e0cfc593fa89db4578fc26db9664e2b7632ce2f4fec234	conformance/fixtures/handshake.json	unchanged_from_round2_manifest
fcae767eaba85e406658ac3b14f3c3447e11073dffcb5e1256e223bdb84f51f4	contract/component-manifest.json	unchanged_from_round2_manifest
061a6d7f18e2874f91ede238ebc51338eb6e69b87d152a52747d1a64c987360e	contract/openapi/workspace-v1.yaml	unchanged_from_round2_manifest
2d5b35b754a0d56d969b1fb7f2ab9177ed0003f8ce74c68f2a8c2c51c01fda7e	contract/schemas/handshake-response.json	unchanged_from_round2_manifest
a887c25fb641f7ff7cc53101b96fa32edc5446b67371029e4afd2908cc58aa8b	contract/schemas/health.json	unchanged_from_round2_manifest
f4ba5d862baa1cc49a2eaef35588d117d63c5a296388eee0ddbe4525e529c6ac	contract/schemas/task.json	unchanged_from_round2_manifest
8a451fea8d70cca8444aef3c21d96e67d5d8b890ab391f098ef9c8e42cdde2df	contract/schemas/worker.json	unchanged_from_round2_manifest
8d25d7a097b3391357f331c071cc231eda18bc9e432a205080696c95036e9dee	generators/generate.py	unchanged_from_round2_manifest
075d1fad14e9befb2f09ebb0043faf74a73570836544c728febb989aaf8cf264	generators/python_client_template.py	unchanged_from_round2_manifest
1b3067589cd574ffe61684749892db8bad0f1f5c139df23bd1b3da19618b8261	pyproject.toml	unchanged_from_round2_manifest
a30f4199e1e91a9612ac835c94a4e6933ff55bead864fa785aceb2ed346677db	packages/python/banodoco_workspace_client/contract_metadata.py	unchanged_from_round2_manifest
e29d7221a2d7b02700c63e77408912386d1f91c46754fc6f02d01f66381835d2	packages/python/banodoco_workspace_client/generated.py	unchanged_from_round2_manifest
f339451dae3901038c3b6fdece75a60e0281b02bc85e4040a92fe789c7ae9222	packages/typescript/src/contract-metadata.ts	unchanged_from_round2_manifest
21335d420323c98c21a0a12b3785d451244a789605a4209554929c7bcd5625c7	packages/typescript/src/generated.ts	unchanged_from_round2_manifest
405746e4def5210c569d40e1a2681f4c71507cde8874265ef869af1181b765e4	runtime_protocol/canonical_schema.py	unchanged_from_round2_manifest
8bd81cec980c37fab7137c99f63af0e2f3b0c752d542df66e88f509d261d9af2	runtime_protocol/catalog.py	unchanged_from_round2_manifest
a30f4199e1e91a9612ac835c94a4e6933ff55bead864fa785aceb2ed346677db	runtime_protocol/contract_metadata.py	unchanged_from_round2_manifest
0acf7e49202f1e81b9ba1c6e8faa32b19ac3dc4c6ade3a96dd1ed721a4e9a978	runtime_protocol/daemon.py	unchanged_from_round2_manifest
6329c44bfc195f865f39fdb527810407cff9e617433a63e6a68f68191249425a	runtime_protocol/lifecycle.py	unchanged_from_round2_manifest
c0bfc55332334cf8f944bf4ef5493c5e33e5dd46755d90df25ee5394eecd5e83	runtime_protocol/service.py	unchanged_from_round2_manifest
edebe606884fc3a0bc8d388e2f0006ea2fb67f2eff4ca43b4eaa5cf4b4740c21	runtime_protocol/store.py	changed_from_round2_manifest
8f1505fdc1085a344f9cab4dc06df7665a4a932dd00196b2d897f18c67b7219e	runtime_protocol/upgrade.py	unchanged_from_round2_manifest
3d1f4118d508d795a571f069863d1b70f43b50416c44a7ac81b14ff150d75615	tests/test_bootstrap.py	unchanged_from_round2_manifest
343af0f0d7aeb723c376ce163b92eb0524a2f31ad1310294f2b3bfbd14f9fb7b	tests/test_client_parity.py	unchanged_from_round2_manifest
4f19a6687d9f6aa379f8473ff625a8cba1ae49af90589bf498914d27e2e77841	tests/test_execution_binding_contract.py	changed_from_round2_manifest
95e1f2cb6f838fcdab763b370a612363290d36db5d4214fc2610be826d16408f	tests/test_generated_client.py	unchanged_from_round2_manifest
0c3b3996e13b87fbb4abcd318b0355f665d7b62302252d8cec2a01939a90ebdc	tests/test_operator_lifecycle_sol_closures.py	unchanged_from_round2_manifest
6c09a22bda69bfc4d67ef65ad309cb3cdd51248934f6ed8497af5e2826b02843	tests/test_operator_upgrade.py	unchanged_from_round2_manifest
92e09e6bdf18b5efe96de767ace902a8f691bab40dc760622a22c2f49d593e70	tests/test_real_bootstrap.py	unchanged_from_round2_manifest
776b2f0937b679be9a8ebd65612f73174c1b83da28fa94dc3b8c1d860c85f61d	tests/test_realm_admission_hardening.py	unchanged_from_round2_manifest
f4e2f6286a72fb8b64f908bdba4f89b1ae68d20424ce9b045be39ba721c3699a	tests/test_relocation_real_e2e.py	unchanged_from_round2_manifest
219188bb057be89a7ec6084a3563e137f9fe4ac085d7691f9244db8a52c8d3f2	tests/test_runtime_boundary.py	unchanged_from_round2_manifest
ebeddf16d334136837896e79785a1766f1eceec0b7747840d41826e4aa3c62fa	tests/test_runtime_lifecycle.py	unchanged_from_round2_manifest
10bcdb57a1b631576bd828be27c3503e7f3afc55b28cc18e358d5e41973ebf1c	tests/test_runtime_upgrade.py	unchanged_from_round2_manifest
bfc97844d827d89619dbb10bb8eafcca6dfc25f573e77ebbf0a62a58c0281944	tests/test_schema_validation.py	unchanged_from_round2_manifest
f0471ca740c971c12b6585808347355456caf7ee5b792ea2023b539333c02adb	tests/test_stage1_runtime_contract_completion.py	unchanged_from_round2_manifest
90d80a1fec939325fe10f983fb58c62c92b09d5ba3dae0a88423518f74375599	tests/test_workspace_lifecycle.py	unchanged_from_round2_manifest
